{
  "format_version": "1.10.0",
  "particle_effect":{
    "description":{
      "identifier": "minecraft:endRod_vertical_-0.10_-0.90",
      "basic_render_parameters": {
        "material": "particles_blend",
        "texture": "textures/particle/particles2"
      }
    },"components":{
      "minecraft:emitter_rate_manual": {
        "max_particles": 50
      },
      "minecraft:emitter_lifetime_once": {
        "active_time": 10
      },
      "minecraft:minecraft:emitter_shape_point": {
      },
      "minecraft:particle_lifetime_expression": {
        "max_lifetime": 2
      },
      "minecraft:particle_motion_parametric": {
        "relative_position": [
          "0.00",
          "-0.1564344650402308276 * Math.pow(variable.particle_age, 0.25)",
          "-0.987688340595137732 * Math.pow(variable.particle_age, 0.25)"
        ]
      },
      "minecraft:particle_appearance_billboard": {
        "size": [0.1, 0.1],
        "facing_camera_mode": "lookat_xyz",
        "uv": {
          "texture_width": 960,
          "texture_height": 656,
          "flipbook": {
            "base_UV": [944, 0],
            "size_UV": [16, 16],
            "step_UV": [-16, 0],
            "frames_per_second": 8,
            "max_frame": 60,
            "stretch_to_lifetime": true,
            "loop": false
          }
        }
      },
      "minecraft:particle_appearance_tinting": {
        "color": [ "variable.particle_age > (variable.particle_lifetime / 2.0) ? 1 - (0.0153 * (1 - Math.pow(0.7, variable.particle_age)) / (1 - 0.7)) : 1.0", "variable.particle_age > (variable.particle_lifetime / 2.0) ? 1 - (0.0387 * (1 - Math.pow(0.7, variable.particle_age)) / (1 - 0.7)) : 1.0", "variable.particle_age > (variable.particle_lifetime / 2.0) ? 1 - (0.0636 * (1 - Math.pow(0.7, variable.particle_age)) / (1 - 0.7)) : 1.0", "variable.particle_age > (variable.particle_lifetime / 2.0) ? 1 - 0.60 * ((variable.particle_age - (variable.particle_lifetime / 2.0)) / (variable.particle_lifetime / 2.0)) : 1.0" ]
      }
    }
  }
}